n,k,aerial_file,query_object,gt_object,gt_iou,valid_vertices,vote_gt,num_candidates,gt_in_candidates,candidates,top1_object,top1_correct,offset_x,offset_y,true_x,true_y
3,3,test_01.png,1,1,0.9707,23,0.739,2,1,"1,3",1,1,321.0,564.0,321.0,564.0
3,3,test_03.png,1,3,0.6437,41,1.0,2,1,"3,12",3,1,686.0,501.0,686.0,501.0
3,3,test_04.png,3,4,0.9845,84,0.988,5,1,"4,7,8,11,9",4,1,0.0,454.0,0.0,454.0
3,3,test_05.png,2,5,0.7026,41,0.585,1,1,5,5,1,1028.0,493.0,1028.0,493.0
3,3,test_06.png,4,6,0.6851,29,0.552,3,1,"5,6,11",5,0,1087.0,481.0,997.0,356.0
3,3,test_07.png,2,7,0.9726,65,0.985,5,1,"7,8,4,11,9",7,1,34.0,245.0,34.0,245.0
3,3,test_08.png,1,8,0.9769,73,0.945,4,1,"8,11,4,7",8,1,823.0,166.0,823.0,166.0
3,3,test_09.png,3,9,0.9929,65,0.985,7,1,"9,7,4,8,11,12,3",9,1,0.0,153.0,0.0,153.0
3,3,test_10.png,1,12,0.9797,49,1.0,6,1,"12,7,11,8,4,9",12,1,0.0,0.0,0.0,0.0
3,4,test_01.png,1,1,0.9707,23,0.739,1,1,1,1,1,321.0,564.0,321.0,564.0
3,4,test_03.png,1,3,0.6437,41,1.0,2,1,"3,12",3,1,686.0,501.0,686.0,501.0
3,4,test_04.png,3,4,0.9845,84,0.988,4,1,"4,7,8,11",4,1,0.0,454.0,0.0,454.0
3,4,test_05.png,2,5,0.7026,41,0.585,1,1,5,5,1,1028.0,493.0,1028.0,493.0
3,4,test_06.png,4,6,0.6851,29,0.552,3,1,"5,6,11",5,0,1087.0,481.0,997.0,356.0
3,4,test_07.png,2,7,0.9726,65,0.985,5,1,"7,8,4,11,9",7,1,34.0,245.0,34.0,245.0
3,4,test_08.png,1,8,0.9769,73,0.945,4,1,"8,11,4,7",8,1,823.0,166.0,823.0,166.0
3,4,test_09.png,3,9,0.9929,65,0.985,7,1,"9,7,4,8,12,11,3",9,1,0.0,153.0,0.0,153.0
3,4,test_10.png,1,12,0.9797,49,1.0,6,1,"12,7,11,8,4,9",12,1,0.0,0.0,0.0,0.0
3,5,test_01.png,1,1,0.9707,23,0.739,1,1,1,1,1,321.0,564.0,321.0,564.0
3,5,test_03.png,1,3,0.6437,41,1.0,2,1,"3,12",3,1,686.0,501.0,686.0,501.0
3,5,test_04.png,3,4,0.9845,84,0.976,4,1,"4,7,8,11",4,1,0.0,454.0,0.0,454.0
3,5,test_05.png,2,5,0.7026,41,0.585,1,1,5,5,1,1028.0,493.0,1028.0,493.0
3,5,test_06.png,4,6,0.6851,29,0.517,2,1,"5,6",5,0,1087.0,481.0,997.0,356.0
3,5,test_07.png,2,7,0.9726,65,0.985,5,1,"7,8,4,11,9",7,1,34.0,245.0,34.0,245.0
3,5,test_08.png,1,8,0.9769,73,0.945,4,1,"8,11,4,7",8,1,823.0,166.0,823.0,166.0
3,5,test_09.png,3,9,0.9929,65,0.985,7,1,"9,7,4,8,12,11,3",9,1,0.0,153.0,0.0,153.0
3,5,test_10.png,1,12,0.9797,49,1.0,6,1,"12,7,11,8,4,9",12,1,0.0,0.0,0.0,0.0
4,3,test_01.png,1,1,0.9707,23,0.739,1,1,1,1,1,321.0,564.0,321.0,564.0
4,3,test_03.png,1,3,0.6437,41,1.0,1,1,3,3,1,686.0,501.0,686.0,501.0
4,3,test_04.png,3,4,0.9845,84,0.988,4,1,"4,8,7,11",4,1,0.0,454.0,0.0,454.0
4,3,test_05.png,2,5,0.7026,41,0.585,1,1,5,5,1,1028.0,493.0,1028.0,493.0
4,3,test_06.png,4,6,0.6851,29,0.517,2,1,"5,6",5,0,1087.0,480.0,997.0,356.0
4,3,test_07.png,2,7,0.9726,65,0.985,5,1,"7,8,4,9,11",7,1,34.0,245.0,34.0,245.0
4,3,test_08.png,1,8,0.9769,73,0.945,4,1,"8,4,7,11",8,1,823.0,166.0,823.0,166.0
4,3,test_09.png,3,9,0.9929,65,0.985,6,1,"9,7,8,4,12,3",9,1,0.0,153.0,0.0,153.0
4,3,test_10.png,1,12,0.9797,49,1.0,6,1,"12,7,11,8,4,9",12,1,0.0,0.0,0.0,0.0
4,4,test_01.png,1,1,0.9707,23,0.739,1,1,1,1,1,321.0,564.0,321.0,564.0
4,4,test_03.png,1,3,0.6437,41,1.0,1,1,3,3,1,686.0,501.0,686.0,501.0
4,4,test_04.png,3,4,0.9845,84,0.988,4,1,"4,8,7,11",4,1,0.0,454.0,0.0,454.0
4,4,test_05.png,2,5,0.7026,41,0.585,1,1,5,5,1,1028.0,493.0,1028.0,493.0
4,4,test_06.png,4,6,0.6851,29,0.517,2,1,"5,6",5,0,1087.0,480.0,997.0,356.0
4,4,test_07.png,2,7,0.9726,65,0.985,5,1,"7,8,4,9,11",7,1,34.0,245.0,34.0,245.0
4,4,test_08.png,1,8,0.9769,73,0.945,4,1,"8,4,7,11",8,1,823.0,166.0,823.0,166.0
4,4,test_09.png,3,9,0.9929,65,0.985,5,1,"9,7,8,4,12",9,1,0.0,153.0,0.0,153.0
4,4,test_10.png,1,12,0.9797,49,1.0,6,1,"12,7,11,8,4,9",12,1,0.0,0.0,0.0,0.0
4,5,test_01.png,1,1,0.9707,23,0.739,1,1,1,1,1,321.0,564.0,321.0,564.0
4,5,test_03.png,1,3,0.6437,41,1.0,1,1,3,3,1,686.0,501.0,686.0,501.0
4,5,test_04.png,3,4,0.9845,84,0.988,4,1,"4,8,7,11",4,1,0.0,454.0,0.0,454.0
4,5,test_05.png,2,5,0.7026,41,0.585,1,1,5,5,1,1028.0,493.0,1028.0,493.0
4,5,test_06.png,4,6,0.6851,29,0.517,2,1,"5,6",5,0,1087.0,480.0,997.0,356.0
4,5,test_07.png,2,7,0.9726,65,0.985,5,1,"7,8,4,9,11",7,1,34.0,245.0,34.0,245.0
4,5,test_08.png,1,8,0.9769,73,0.945,4,1,"8,4,7,11",8,1,823.0,166.0,823.0,166.0
4,5,test_09.png,3,9,0.9929,65,0.985,5,1,"9,7,8,4,12",9,1,0.0,153.0,0.0,153.0
4,5,test_10.png,1,12,0.9797,49,1.0,6,1,"12,7,11,8,4,9",12,1,0.0,0.0,0.0,0.0
5,3,test_01.png,1,1,0.9707,23,0.739,2,1,"1,3",1,1,321.0,564.0,321.0,564.0
5,3,test_03.png,1,3,0.6437,41,1.0,1,1,3,3,1,686.0,501.0,686.0,501.0
5,3,test_04.png,3,4,0.9845,84,0.988,3,1,"4,7,8",4,1,0.0,454.0,0.0,454.0
5,3,test_05.png,2,5,0.7026,41,0.585,1,1,5,5,1,1028.0,493.0,1028.0,493.0
5,3,test_06.png,4,6,0.6851,29,0.552,2,1,"5,6",5,0,1087.0,480.0,997.0,356.0
5,3,test_07.png,2,7,0.9726,65,0.985,5,1,"7,8,4,9,11",7,1,34.0,245.0,34.0,245.0
5,3,test_08.png,1,8,0.9769,73,0.945,4,1,"8,4,7,11",8,1,823.0,166.0,823.0,166.0
5,3,test_09.png,3,9,0.9929,65,0.985,6,1,"9,7,4,8,12,11",9,1,0.0,153.0,0.0,153.0
5,3,test_10.png,1,12,0.9797,49,1.0,6,1,"12,7,11,4,8,9",12,1,0.0,0.0,0.0,0.0
5,4,test_01.png,1,1,0.9707,23,0.739,2,1,"1,3",1,1,321.0,564.0,321.0,564.0
5,4,test_03.png,1,3,0.6437,41,1.0,1,1,3,3,1,686.0,501.0,686.0,501.0
5,4,test_04.png,3,4,0.9845,84,0.988,3,1,"4,7,8",4,1,0.0,454.0,0.0,454.0
5,4,test_05.png,2,5,0.7026,41,0.585,1,1,5,5,1,1028.0,493.0,1028.0,493.0
5,4,test_06.png,4,6,0.6851,29,0.552,2,1,"5,6",5,0,1087.0,480.0,997.0,356.0
5,4,test_07.png,2,7,0.9726,65,0.985,5,1,"7,8,4,9,11",7,1,34.0,245.0,34.0,245.0
5,4,test_08.png,1,8,0.9769,73,0.945,4,1,"8,4,7,11",8,1,823.0,166.0,823.0,166.0
5,4,test_09.png,3,9,0.9929,65,0.985,5,1,"9,7,4,8,12",9,1,0.0,153.0,0.0,153.0
5,4,test_10.png,1,12,0.9797,49,1.0,6,1,"12,7,11,8,4,9",12,1,0.0,0.0,0.0,0.0
5,5,test_01.png,1,1,0.9707,23,0.739,2,1,"1,3",1,1,321.0,564.0,321.0,564.0
5,5,test_03.png,1,3,0.6437,41,1.0,1,1,3,3,1,686.0,501.0,686.0,501.0
5,5,test_04.png,3,4,0.9845,84,0.988,3,1,"4,8,7",4,1,0.0,454.0,0.0,454.0
5,5,test_05.png,2,5,0.7026,41,0.585,1,1,5,5,1,1028.0,493.0,1028.0,493.0
5,5,test_06.png,4,6,0.6851,29,0.517,2,1,"5,6",5,0,1087.0,480.0,997.0,356.0
5,5,test_07.png,2,7,0.9726,65,0.985,5,1,"7,8,4,9,11",7,1,34.0,245.0,34.0,245.0
5,5,test_08.png,1,8,0.9769,73,0.945,4,1,"8,4,7,11",8,1,823.0,166.0,823.0,166.0
5,5,test_09.png,3,9,0.9929,65,0.985,5,1,"9,7,4,8,12",9,1,0.0,153.0,0.0,153.0
5,5,test_10.png,1,12,0.9797,49,1.0,6,1,"12,7,11,4,8,9",12,1,0.0,0.0,0.0,0.0
