alpha,eps_px2,n,k,mean_candidates,recall
0.04,25.52,3,3,2.667,0.889
0.04,25.52,3,4,2.556,0.889
0.04,25.52,3,5,2.556,0.889
0.04,25.52,4,3,2.333,0.889
0.04,25.52,4,4,2.0,0.889
0.04,25.52,4,5,2.0,0.889
0.04,25.52,5,3,2.222,0.889
0.04,25.52,5,4,2.0,0.889
0.04,25.52,5,5,2.0,0.889
0.05,31.9,3,3,3.667,1.0
0.05,31.9,3,4,3.556,1.0
0.05,31.9,3,5,3.556,1.0
0.05,31.9,4,3,3.222,0.889
0.05,31.9,4,4,3.111,0.889
0.05,31.9,4,5,3.111,0.889
0.05,31.9,5,3,3.333,1.0
0.05,31.9,5,4,3.222,1.0
0.05,31.9,5,5,3.222,1.0
0.06,38.28,3,3,4.889,1.0
0.06,38.28,3,4,4.778,1.0
0.06,38.28,3,5,4.778,1.0
0.06,38.28,4,3,4.889,1.0
0.06,38.28,4,4,4.778,1.0
0.06,38.28,4,5,4.778,1.0
0.06,38.28,5,3,4.667,1.0
0.06,38.28,5,4,4.667,1.0
0.06,38.28,5,5,4.556,1.0
0.07,44.66,3,3,6.0,1.0
0.07,44.66,3,4,6.0,1.0
0.07,44.66,3,5,5.889,1.0
0.07,44.66,4,3,5.889,1.0
0.07,44.66,4,4,5.778,1.0
0.07,44.66,4,5,5.778,1.0
0.07,44.66,5,3,5.778,1.0
0.07,44.66,5,4,5.778,1.0
0.07,44.66,5,5,5.778,1.0
0.08,51.04,3,3,7.222,1.0
0.08,51.04,3,4,7.111,1.0
0.08,51.04,3,5,7.0,1.0
0.08,51.04,4,3,7.0,1.0
0.08,51.04,4,4,6.889,1.0
0.08,51.04,4,5,6.889,1.0
0.08,51.04,5,3,6.889,1.0
0.08,51.04,5,4,6.889,1.0
0.08,51.04,5,5,6.889,1.0
0.1,63.79,3,3,10.111,1.0
0.1,63.79,3,4,10.111,1.0
0.1,63.79,3,5,10.111,1.0
0.1,63.79,4,3,10.0,1.0
0.1,63.79,4,4,10.0,1.0
0.1,63.79,4,5,10.0,1.0
0.1,63.79,5,3,10.0,1.0
0.1,63.79,5,4,10.0,1.0
0.1,63.79,5,5,10.0,1.0
